UEI,Start Date,End Date,Duration(Days),Main Cause,Location,Districts,State,Latitude,Longitude,Severity,Area Affected,Human fatality,Human injured,Human Displaced,Animal Fatality,Description of Casualties/injured,Extent of damage ,Event Source,Event Souce ID,year
UEI-EM-DAT-FL-1926-0001,1926-07-19,1926-07-19,0,Riverine flood,['Bengal'],,,,,,,,,,,,,EM-DAT,1926-0008,1926
UEI-EM-DAT-FL-1928-0001,1928-10-19,1928-10-19,0,,"['Godavari', ' Vizagapatnam']",,,,,,,,,,,,,EM-DAT,1928-0018,1928
UEI-EM-DAT-FL-1950-0001,1950-07-11,1950-07-11,0,Riverine flood,['Saurashtra'],,,,,,,,,,,,,EM-DAT,1950-0006,1950
UEI-EM-DAT-FL-1956-0001,1956-08-01,1956-08-01,0,,"['Gujarat', ' Saurashtra', ' Kutch']",,,,,,,,,,,,,EM-DAT,1956-0012,1956
UEI-EM-DAT-FL-1956-0002,1956-09-09,1956-09-09,0,,"['Bihar', ' Uttar Pradesh']",,,,,,,,,,,,,EM-DAT,1956-0016,1956
UEI-EM-DAT-FL-1957-0001,1957-09-09,1957-09-09,0,,"['Madya Pradesh', ' Uttar Pradesh']",,,,,,,,,,,,,EM-DAT,1957-0010,1957
UEI-EM-DAT-FL-1958-0001,1958-11-15,1958-11-15,0,,['Madras city'],,,,,,,,,,,,,EM-DAT,1958-0015,1958
UEI-EM-DAT-FL-1959-0001,1959-07-04,1959-07-04,0,,['Kutch'],,,,,,,,,,,,,EM-DAT,1959-0007,1959
UEI-EM-DAT-FL-1960-0001,1960-11-10,1960-11-10,0,,"['Maduri', ' Madras City']",,,,,,,,,,,,,EM-DAT,1960-0032,1960
UEI-EM-DAT-FL-1961-0001,/07/1961,/07/1961,Diffing the dates,,['North'],,,,,,,,,,,,,EM-DAT,1961-0007,1961
UEI-EM-DAT-FL-1961-0002,1961-09-06,1961-09-06,0,,"['Central', ' West India']",,,,,,,,,,,,,EM-DAT,1961-0009,1961
UEI-EM-DAT-FL-1961-0003,1961-10-09,1961-10-09,0,,['Uttar Pradesh'],,,,,,,,,,,,,EM-DAT,1961-0012,1961
UEI-EM-DAT-FL-1964-0001,/07/1964,/07/1964,Diffing the dates,,"['Assam', ' Bihar', ' Punjab']",,,,,,,,,,,,,EM-DAT,1964-0038,1964
UEI-EM-DAT-FL-1964-0002,/10/1964,/10/1964,Diffing the dates,,['Andhra Pradesh'],,,,,,,,,,,,,EM-DAT,1964-0055,1964
UEI-EM-DAT-FL-1966-0001,/06/1966,/06/1966,Diffing the dates,,"['Manipur', ' Assam']",,,,,,,,,,,,,EM-DAT,1966-0046,1966
UEI-EM-DAT-FL-1967-0001,1967-09-05,1967-09-05,0,,"['North', ' Central']",,,,,,,,,,,,,EM-DAT,1967-0055,1967
UEI-EM-DAT-FL-1968-0001,1968-06-12,1968-06-12,0,,['Assam'],,,,,,,,,,,,,EM-DAT,1968-0051,1968
UEI-EM-DAT-FL-1968-0002,/07/1968,/07/1968,Diffing the dates,Flash flood,"['(1) Rajasthan', ' Gujarat - (2) North-East', ' West Bengal', ' Assam']",,,,,,,,,,,,,EM-DAT,1968-0055,1968
UEI-EM-DAT-FL-1970-0001,/07/1970,/07/1970,Diffing the dates,,"['North-East', ' Western', ' North']",,,,,,,,,,,,,EM-DAT,1970-0034,1970
UEI-EM-DAT-FL-1970-0002,1970-09-02,1970-09-02,0,,"['Gujarat', ' Orissa states']",,,,,,,,,,,,,EM-DAT,1970-0105,1970
UEI-EM-DAT-FL-1971-0001,/06/1971,/06/1971,Diffing the dates,,['North'],,,,,,,,,,,,,EM-DAT,1971-0037,1971
UEI-EM-DAT-FL-1971-0002,1971-09-09,1971-09-09,0,,['Uttar Pradesh'],,,,,,,,,,,,,EM-DAT,1971-0052,1971
UEI-EM-DAT-FL-1971-0003,/06/1971,/06/1971,Diffing the dates,,"['Brahmaputra', ' Dhemaji', ' North Lakhimpur', ' Jorhat', ' Tezpur sub-divisions']",,,,,,,,,,,,,EM-DAT,1971-0116,1971
UEI-EM-DAT-FL-1974-0002,1974-07-02,1974-07-02,0,,"['Tinsukia', ' Dhemaji', ' Nowgong', ' Majuli', ' Jorhat', ' Dhubri']",,,,,,,,,,,,,EM-DAT,1974-0129,1974
UEI-EM-DAT-FL-1975-0001,/07/1975,/07/1975,Diffing the dates,,"['Northwest', ' Bihar']",,,,,,,,,,,,,EM-DAT,1975-0037,1975
UEI-EM-DAT-FL-1977-0001,/08/1977,/08/1977,Diffing the dates,Riverine flood,['Ganges region'],,,,,,,,,,,,,EM-DAT,1977-0094,1977
UEI-EM-DAT-FL-1977-0002,/10/1977,/10/1977,Diffing the dates,,['Tamil Nadu'],,,,,,,,,,,,,EM-DAT,1977-0121,1977
UEI-EM-DAT-FL-1978-0001,/07/1978,/07/1978,Diffing the dates,,"['North', ' Northeast']",,,,,,,,,,,,,EM-DAT,1978-0087,1978
UEI-EM-DAT-FL-1978-0002,/09/1978,/09/1978,Diffing the dates,,['West Bengal'],,,,,,,,,,,,,EM-DAT,1978-0111,1978
UEI-EM-DAT-FL-1979-0001,/07/1979,/07/1979,Diffing the dates,,"['North West', ' North', ' North East']",,,,,,,,,,,,,EM-DAT,1979-0060,1979
UEI-EM-DAT-FL-1979-0002,/10/1979,/10/1979,Diffing the dates,,['Assam'],,,,,,,,,,,,,EM-DAT,1979-0093,1979
UEI-EM-DAT-FL-1979-0003,/11/1979,/11/1979,Diffing the dates,,['Tamil Nadu'],,,,,,,,,,,,,EM-DAT,1979-0100,1979
UEI-EM-DAT-FL-1979-0004,1979-08-25,1979-08-25,0,,"['Uttar Pradesh', ' Bihar', ' West Bengal']",,,,,,,,,,,,,EM-DAT,1979-0225,1979
UEI-EM-DAT-FL-1980-0001,/07/1980,/07/1980,Diffing the dates,,['Assam'],,,,,,,,,,,,,EM-DAT,1980-0057,1980
UEI-EM-DAT-FL-1980-0002,/07/1980,/07/1980,Diffing the dates,,['Gujarat'],,,,,,,,,,,,,EM-DAT,1980-0062,1980
UEI-EM-DAT-FL-1980-0003,/08/1980,/08/1980,Diffing the dates,,"['Uttar Pradesh', ' Bihar', ' Gujarat', ' Kerala', ' Haryana']",,,,,,,,,,,,,EM-DAT,1980-0074,1980
UEI-EM-DAT-FL-1980-0004,/09/1980,/09/1980,Diffing the dates,,['Orissa'],,,,,,,,,,,,,EM-DAT,1980-0085,1980
UEI-EM-DAT-FL-1982-0001,/08/1982,/08/1982,Diffing the dates,,['Northeast'],,,,,,,,,,,,,EM-DAT,1982-0087,1982
UEI-EM-DAT-FL-1982-0002,/06/1982,/06/1982,Diffing the dates,,['North-East region'],,,,,,,,,,,,,EM-DAT,1982-0314,1982
UEI-EM-DAT-FL-1983-0001,/07/1983,/07/1983,Diffing the dates,,"['Upper Assama', ' Central Sikkim']",,,,,,,,,,,,,EM-DAT,1983-0089,1983
UEI-EM-DAT-FL-1983-0002,/08/1983,/08/1983,Diffing the dates,,['Central - Western'],,,,,,,,,,,,,EM-DAT,1983-0102,1983
UEI-EM-DAT-FL-1983-0003,/12/1983,/12/1983,Diffing the dates,,['Tamil Nadu'],,,,,,,,,,,,,EM-DAT,1983-0153,1983
UEI-EM-DAT-FL-1984-0001,/05/1984,/05/1984,Diffing the dates,,['North-East states'],,,,,,,,,,,,,EM-DAT,1984-0040,1984
UEI-EM-DAT-FL-1984-0002,1984-06-25,1984-06-25,0,,"['West Bengal', ' Uttar Pradesh', ' Assam', ' Bihar']",,,,,,,,,,,,,EM-DAT,1984-0318,1984
UEI-EM-DAT-FL-1984-0003,1984-08-16,1984-08-16,0,Flash flood,['Ladakh area'],,,,,,,,,,,,,EM-DAT,1984-0322,1984
UEI-EM-DAT-FL-1984-0004,/08/1984,/08/1984,Diffing the dates,,"['W Bengal', ' Uttar Pradesh & Orissa']",,,,,,,,,,,,,EM-DAT,1984-0323,1984
UEI-EM-DAT-FL-1984-0005,/09/1984,/09/1984,Diffing the dates,,['North-East region'],,,,,,,,,,,,,EM-DAT,1984-0325,1984
UEI-EM-DAT-FL-1985-0001,/06/1985,/06/1985,Diffing the dates,,['Punjab (Western)'],,,,,,,,,,,,,EM-DAT,1985-0067,1985
UEI-EM-DAT-FL-1985-0002,/06/1985,/06/1985,Diffing the dates,,"['Uttar Pradesh', '  West Bengal', ' Punjab (North', ' North-West', ' East India)']",,,,,,,,,,,,,EM-DAT,1985-0068,1985
UEI-EM-DAT-FL-1985-0003,1985-11-12,1985-11-12,0,,['Tamil Nadu'],,,,,,,,,,,,,EM-DAT,1985-0131,1985
UEI-EM-DAT-FL-1985-0004,/09/1985,/09/1985,Diffing the dates,Riverine flood,"['Uttar Pradesh', ' Bihar']",,,,,,,,,,,,,EM-DAT,1985-0317,1985
UEI-EM-DAT-FL-1985-0005,1985-06-23,1985-06-23,0,Riverine flood,"['Kerala', ' Assam', ' Bombay', ' Karnataka', ' Goa states']",,,,,,,,,,,,,EM-DAT,1985-0343,1985
UEI-EM-DAT-FL-1986-0001,/08/1986,/08/1986,Diffing the dates,Riverine flood,['Andhra Pradesh'],,,,,,,,,,,,,EM-DAT,1986-0085,1986
UEI-EM-DAT-FL-1987-0001,/08/1987,/08/1987,Diffing the dates,Riverine flood,"['Assam', ' Bihar', ' West Bengal']",,,,,,,,,,,,,EM-DAT,1987-0137,1987
UEI-EM-DAT-FL-1987-0002,/05/1987,/05/1987,Diffing the dates,,[' Cachemire'],,,,,,,,,,,,,EM-DAT,1987-0386,1987
UEI-EM-DAT-FL-1987-0003,1987-07-09,1987-07-09,0,,[' Andhra Pradesh'],,,,,,,,,,,,,EM-DAT,1987-0394,1987
UEI-EM-DAT-FL-1987-0004,1987-09-18,1987-09-18,0,,['Uttar Pradesh'],,,,,,,,,,,,,EM-DAT,1987-0410,1987
UEI-EM-DAT-FL-1988-0001,/06/1988,/06/1988,Diffing the dates,Riverine flood,"['Bihar', ' West Bengal', ' Assam']",,,,,,,,,,,,,EM-DAT,1988-0244,1988
UEI-EM-DAT-FL-1988-0002,1988-09-22,1988-10-09,17,Riverine flood,"['Punjab', ' Himachal Pradesh', ' Haryana', ' Jamuu and Kashmir', ' Delhi']",,,,,,,,,,,,,EM-DAT,1988-0438,1988
UEI-EM-DAT-FL-1988-0003,/08/1988,/08/1988,Diffing the dates,,"['Uttar Pradesh', ' Assam', ' Bihar', ' West Bengal', ' Arunachal Pradesh']",,,,,,,,,,,,,EM-DAT,1988-0703,1988
UEI-EM-DAT-FL-1989-0001,1989-07-28,1989-07-28,0,Riverine flood,"['Maharashtra', ' Andhra Pradesh', ' Gujarat']",,,,,,,,,,,,,EM-DAT,1989-0091,1989
UEI-EM-DAT-FL-1989-0002,/08/1989,/08/1989,Diffing the dates,Riverine flood,"['Assam', ' Arunachal Pradesh', ' Manipur', ' Mizorem']",,,,,,,,,,,,,EM-DAT,1989-0260,1989
UEI-EM-DAT-FL-1990-0001,1990-03-21,1990-03-22,1,Flash flood,"['Jammu', ' Kargil district (Kashmir)']",,,,,,,,,,,,,EM-DAT,1990-0103,1990
UEI-EM-DAT-FL-1990-0002,1990-10-24,1990-10-28,4,Riverine flood,['Tami Nadu state'],,,,,,,,,,,,,EM-DAT,1990-0414,1990
UEI-EM-DAT-FL-1990-0004,1990-06-13,1990-06-18,5,Riverine flood,['Bombay (Assam state)'],,,,,,,,,,,,,EM-DAT,1990-0714,1990
UEI-EM-DAT-FL-1991-0001,1991-07-13,1991-07-19,6,Coastal flood,"['Assam', ' Meghalaya states']",,,,,,,,,,,,,EM-DAT,1991-0189,1991
UEI-EM-DAT-FL-1991-0002,1991-06-10,1991-06-12,2,Riverine flood,"['Bombay', ' Kerala', ' Gujarat']",,,,,,,,,,,,,EM-DAT,1991-0278,1991
UEI-EM-DAT-FL-1991-0003,1991-05-07,1991-05-08,1,Coastal flood,"['Assam', ' Tripura', ' Arunachal', ' Mizorem']",,,,,,,,,,,,,EM-DAT,1991-0338,1991
UEI-EM-DAT-FL-1991-0004,1991-10-30,1991-10-30,0,Riverine flood,[' Near Thondebhavi (Karnataka)'],,,,,,,,,,,,,EM-DAT,1991-0431,1991
UEI-EM-DAT-FL-1991-0005,1991-06-01,1991-07-09,38,Riverine flood,['Kerala state'],,,,,,,,,,,,,EM-DAT,1991-0509,1991
UEI-EM-DAT-FL-1991-0006,1991-07-30,1991-07-30,0,Riverine flood,"['Andhra Pradesh', ' Maharashtra', ' Orissa', ' Gujarat', ' Madhya Pradesh']",,,,,,,,,,,,,EM-DAT,1991-0527,1991
UEI-EM-DAT-FL-1991-0007,1991-08-15,1991-08-29,14,Riverine flood,"['Haryana', ' Uttar Pradesh', ' Himachal Pradesh', ' Bihar states']",,,,,,,,,,,,,EM-DAT,1991-0532,1991
UEI-EM-DAT-FL-1991-0008,1991-09-14,1991-09-15,1,Riverine flood,['West Bengal state'],,,,,,,,,,,,,EM-DAT,1991-0766,1991
UEI-EM-DAT-FL-1992-0001,1992-09-08,31/09/1992,Diffing the dates,Riverine flood,"['Uttar Pradesh', ' Jammu', ' Madhya Pradesh']",,,,,,,,,,,,,EM-DAT,1992-0083,1992
UEI-EM-DAT-FL-1992-0002,1992-10-08,1992-10-08,0,Riverine flood,"['Vamanapuram', ' Amravilla (Trivadrum district', ' Kerala state)']",,,,,,,,,,,,,EM-DAT,1992-0147,1992
UEI-EM-DAT-FL-1992-0003,1992-07-26,1992-07-31,5,Riverine flood,['Orissa state'],,,,,,,,,,,,,EM-DAT,1992-0333,1992
UEI-EM-DAT-FL-1992-0004,1992-11-10,1992-11-10,0,,"['Tamil Nadu', ' Kerala', ' Karnataka', ' Andhra Pradesh states']",,,,,,,,,,,,,EM-DAT,1992-0483,1992
UEI-EM-DAT-FL-1992-0005,/09/1992,/09/1992,Diffing the dates,Riverine flood,"['Banda', ' Allahbad', ' Kanpur (Uttar Pradesh)']",,,,,,,,,,,,,EM-DAT,1992-0546,1992
UEI-EM-DAT-FL-1993-0001,1993-07-08,1993-07-31,23,,"['Punjab', ' Haryana', ' Himachal Pradesh', '  Gujarat', ' Jammu and Kashmir', ' Rajasthan', ' Madhya Pradesh', ' Chandigarh', ' Assam  states']",,,,,,,,,,,,,EM-DAT,1993-0042,1993
UEI-EM-DAT-FL-1993-0002,1993-10-11,1993-10-21,10,Flash flood,['Karnataka state'],,,,,,,,,,,,,EM-DAT,1993-0218,1993
UEI-EM-DAT-FL-1993-0003,1993-09-09,1993-09-17,8,Riverine flood,['Uttar Pradesh'],,,,,,,,,,,,,EM-DAT,1993-0325,1993
UEI-EM-DAT-FL-1993-0004,/05/1993,/05/1993,Diffing the dates,Riverine flood,"['Tripura', ' Karamganj (Assam)']",,,,,,,,,,,,,EM-DAT,1993-0326,1993
UEI-EM-DAT-FL-1993-0005,/07/1993,/07/1993,Diffing the dates,Riverine flood,['Himachal Pradesh'],,,,,,,,,,,,,EM-DAT,1993-0570,1993
UEI-EM-DAT-FL-1994-0001,/05/1994,/10/1994,Diffing the dates,,"['Assam', ' Arunachal Pradesh', ' Jammu and Kashmir', ' Himachal', ' Punjab', ' Uttar Pradesh', ' Goa', ' Kerala', ' Gujarat states']",,,,,,,,,,,,,EM-DAT,1994-0068,1994
UEI-EM-DAT-FL-1994-0002,1994-08-17,1994-08-17,0,Riverine flood,['New Delhi'],,,,,,,,,,,,,EM-DAT,1994-0763,1994
UEI-EM-DAT-FL-1995-0001,1995-09-01,1995-09-20,19,Riverine flood,"['Bihar', ' Haryana', ' Punjab', ' Rajasthan', ' Himachal Pradesh', ' Jammu and Kasmir', ' Uttar Pradesh', ' West Bengal', ' Maharashtra states']",,,,,,,,,,,,,EM-DAT,1995-0228,1995
UEI-EM-DAT-FL-1995-0002,1995-09-05,1995-09-08,3,Riverine flood,['Sikkim state'],,,,,,,,,,,,,EM-DAT,1995-0485,1995
UEI-EM-DAT-FL-1995-0003,1995-10-23,1995-10-23,0,Riverine flood,['Andhra Pradesh'],,,,,,,,,,,,,EM-DAT,1995-0491,1995
UEI-EM-DAT-FL-1996-0001,1996-08-23,1996-08-23,0,,['Jammu & Kashmir state'],,,,,,,,,,,,,EM-DAT,1996-0181,1996
UEI-EM-DAT-FL-1996-0002,1996-07-11,1996-07-11,0,,['Uttar Pradesh'],,,,,,,,,,,,,EM-DAT,1996-0183,1996
UEI-EM-DAT-FL-1996-0003,1996-10-21,1996-10-25,4,Riverine flood,"['Tamil Nadu', ' Andhra Pradesh', ' Kerala', ' Karnataka states']",,,,,,,,,,,,,EM-DAT,1996-0245,1996
UEI-EM-DAT-FL-1996-0004,1996-07-10,1996-07-24,14,Riverine flood,"['West Bengal', ' Arunachal Pradesh', ' Assam']",,,,,,,,,,,,,EM-DAT,1996-0496,1996
UEI-EM-DAT-FL-1996-0005,1996-08-25,1996-09-01,7,,"['Bihar', ' Assam', ' Gujarat', ' Haryana', ' Kerala', ' Rajasthan', ' Uttar Pradesh']",,,,,,,,,,,,,EM-DAT,1996-0501,1996
UEI-EM-DAT-FL-1996-0006,1996-07-17,1996-08-10,24,Riverine flood,"['Kishanganj', ' Darbhanga', ' Sitamarhi', ' Saharsa districts (Bihar state)']",,,,,,,,,,,,,EM-DAT,1996-0503,1996
UEI-EM-DAT-FL-1997-0001,1997-08-08,1997-08-14,6,Riverine flood,"['Chandigarh', ' Chirgaon', ' Himalayan state of Himachal Pradesh.']",,,,,,,,,,,,,EM-DAT,1997-0170,1997
UEI-EM-DAT-FL-1997-0002,1997-08-22,1997-08-22,0,Coastal flood,['Coastal districts of West Bengal  (no better info)'],,,,,,,,,,,,,EM-DAT,1997-0182,1997
UEI-EM-DAT-FL-1997-0003,/09/1997,/09/1997,Diffing the dates,,"['Andhra Pradesh', ' Arunachal Pradesh', ' Assam', ' Bihar', ' Gujarat', ' Himachal Pradesh', ' Jammu and Kashmir', ' Karnataka', ' Kerala', ' Maharashtra', ' Madyha Pradesh', ' Orissa', ' Punjab', ' Rajasthan', ' Sikkim', ' Uttar Pradesh', ' West Bengal states']",,,,,,,,,,,,,EM-DAT,1997-0260,1997
UEI-EM-DAT-FL-1997-0004,1997-06-22,1997-06-28,6,Riverine flood,"['Mehsana', ' Gandhi Nagar', ' Ahmedabad', ' Kheda', ' Sabarkanda', ' Vadodra', ' Banaskanda', ' Surender Nagar districts (Gujarat state)']",,,,,,,,,,,,,EM-DAT,1997-0337,1997
UEI-EM-DAT-FL-1997-0005,/08/1997,/08/1997,Diffing the dates,,['West'],,,,,,,,,,,,,EM-DAT,1997-0348,1997
UEI-EM-DAT-FL-1997-0006,1997-09-19,1997-09-24,5,Riverine flood,['Guntoor (Guntur) and Prakasham districts (Andhra Pradesh)'],,,,,,,,,,,,,EM-DAT,1997-0357,1997
UEI-EM-DAT-FL-1998-0001,/08/1998,/08/1998,Diffing the dates,,"['Assam', ' Arunachal', ' Bihar', ' Kerala', ' Meghalaya', ' Punjab', ' Sikkim', ' Uttar Pradesh', ' West Bengal states']",,,,,,,,,,,,,EM-DAT,1998-0392,1998
UEI-EM-DAT-FL-1998-0002,1998-09-16,1998-09-18,2,Flash flood,"['Gujarat', ' Maharashtra states']",,,,,,,,,,,,,EM-DAT,1998-0449,1998
UEI-EM-DAT-FL-1998-0003,1998-09-20,1998-09-20,0,,"['Andhra Pradesh', ' Hyderabad']",,,,,,,,,,,,,EM-DAT,1998-0450,1998
UEI-EM-DAT-FL-1999-0001,1999-07-11,1999-08-03,23,Riverine flood,"['Assam', ' Bihar', ' Gujarat', ' Karnataka', ' Kerala', ' Tripura', ' West Bengal', ' Arunachal Pradesh', ' Punjab']",,,,,,,,,,,,,EM-DAT,1999-0213,1999
UEI-EM-DAT-FL-1999-0002,/09/1999,/09/1999,Diffing the dates,,"['Uttar Pradesh', ' Bihar', ' West Bengal', ' Madhya Prasdeh', ' Delhi']",,,,,,,,,,,,,EM-DAT,1999-0371,1999
UEI-EM-DAT-FL-2000-0001,2000-06-10,2000-06-10,0,Flash flood,"['Yingkiang', 'Tuting villages (Upper Siang (70051) district', ' Arunachal Pradesh province)', ' Along', ' Boleng villages (70054 district', ' Arunachal Pradesh province)', ' Pasighat', ' Sika-bamin', ' Komlighat', ' Raneghat (70041 district', ' Arunachal Pradesh province)', ' Tezu', ' Mahadevpur villages (Lohit district', ' Arunachal Pradesh province)', ' Golaghat', ' Nagaon districts (Assam province)', '\r\n\r\n']",,,,,,,,,,,,,EM-DAT,2000-0332,2000
UEI-EM-DAT-FL-2000-0002,/07/2000,/07/2000,Diffing the dates,Flash flood,"['East Siang', ' 70041', ' West Siang', ' 70054', ' Upper Siang (70051)', ' 70045', ' 70050', ' Lower Dibang Valley districts (Arunachal Pradesh province)']",,,,,,,,,,,,,EM-DAT,2000-0444,2000
UEI-EM-DAT-FL-2000-0003,2000-08-02,2000-08-30,28,Riverine flood,"['Katihar', ' Sitamarhi districts (Bihar province)', ' Kinnaur district (Himachal Pradesh province)', ' Bankura', ' Barddhaman', ' Birbhum', ' Haora', ' Hugli', ' Maldah', ' Murshidabad', ' Nadia', ' North 24 Parganas', ' West Midnapore districts (West Bengal province)', ' Pithoragarh', ' Naini Tal districts (Uttarakhand province)', ' Ahmadabad district (Gujarat province)', ' Andhra Pradesh', ' Assam', ' Arunachal Pradesh', ' Madhya Pradesh', ' Punjab', ' Uttar Pradesh', ' Maharashtra', ' Rajasthan', ' Chandigarh', ' Kerala']",,,,,,,,,,,,,EM-DAT,2000-0445,2000
UEI-EM-DAT-FL-2000-0004,2000-08-23,2000-08-31,8,Flash flood,"['Adilabad', ' Cuddapah', ' East Godavari', ' Guntur', ' Hyderabad', ' Karimnagar', ' Khammam', ' Krishna', ' Kurnool', ' Mahbubnagar', ' Medak', ' Nalgonda', ' Nellore', ' Nizamabad', ' Prakasam', ' Rangareddi', ' Vishakhapatnam', ' Warangal', ' West Godavari districts (Andhra Pradesh province)']",,,,,,,,,,,,,EM-DAT,2000-0534,2000
UEI-EM-DAT-FL-2000-0005,2000-09-18,2000-10-21,33,Riverine flood,"['Birbhum', ' Bardhaman', ' Murshidabad', ' Maldah districts (West Bengal province)', ' Dumka', ' Sahibganj', ' Deoghar districts (Jharkhand province)', ' Banka', ' Bhagalpur', ' Munger', ' Sheikhpura districts (Bihar province)']",,,,,,,,,,,,,EM-DAT,2000-0610,2000
UEI-EM-DAT-FL-2000-0006,2000-10-19,2000-10-19,0,,['North 24 Parganas district (West Bengal province)'],,,,,,,,,,,,,EM-DAT,2000-0738,2000
UEI-EM-DAT-FL-2001-0001,2001-06-05,2001-06-22,17,Riverine flood,"['Silchar city (Cachar district', ' Assam province)', ' Patharkandi village (Karimganj district', ' Assam province)', ' West Tripura district (Tripura province)']",,,,,,,,,,,,,EM-DAT,2001-0243,2001
UEI-EM-DAT-FL-2001-0002,2001-07-08,2001-07-10,2,Riverine flood,"['Marshagal', ' Mahakalpada villages (Kendrapara district', ' Orissa province)', ' Kakatpur', ' Astaranga', ' Kanas', ' Delanga villages (Puri district', ' Orissa province)', ' Banki', ' Kantapada villages (Cuttack district', ' Orissa province)', ' Balipatna villages (Khordha district', ' Orissa province)', ' Atharmalik villages (Angul district', ' Orissa province)', ' Jajpur', ' Jagatsinghpur', ' Kalahandi', ' Koraput', ' Bolangir', ' Nayagarh', ' Baleshwar', ' Bhadrak districts (Orissa province)', ' Dhamtari', ' Raipur', ' Mahasamund', ' Janjgir-Champa', ' Raigarh districts (Chhattisgarh province)']",,,,,,,,,,,,,EM-DAT,2001-0332,2001
UEI-EM-DAT-FL-2001-0003,/06/2001,/06/2001,Diffing the dates,,"['Hosdurg borough (Kanhangad city', ' Kasaragod district', ' Kerala province)', ' Vertak Nagar area (Thane district', ' Maharashtra province)', ' Bhandup area (Mumbai Suburban district', ' Maharashtra province)']",,,,,,,,,,,,,EM-DAT,2001-0349,2001
UEI-EM-DAT-FL-2001-0004,2001-07-04,2001-07-16,12,Riverine flood,"['Idukki', ' Kottayam', ' Pattanamtitta', ' Kollam', ' Alappuzha districts (Kerala province)']",,,,,,,,,,,,,EM-DAT,2001-0387,2001
UEI-EM-DAT-FL-2001-0005,/08/2001,/08/2001,Diffing the dates,Riverine flood,"['Aurangabad', ' Bhojpur', ' Gopalganj', ' Jehanabad', ' Muzaffarpur', ' Nalanda', ' Pashchim Champaran', ' Patna', ' Purba Champaran', ' Rohtas', ' Saran', ' Sitamarhi', ' Siwan', ' Vaishali districts (Bihar province)']",,,,,,,,,,,,,EM-DAT,2001-0465,2001
UEI-EM-DAT-FL-2001-0006,/08/2001,/08/2001,Diffing the dates,,['Delhi province'],,,,,,,,,,,,,EM-DAT,2001-0502,2001
UEI-EM-DAT-FL-2001-0007,2001-08-20,2001-08-20,0,,"['Gopalganj', ' Purba Champaran', ' Pashchim Champaran', ' Muzaffarpur', ' Vaishali', ' Saran districts (Bihar province)']",,,,,,,,,,,,,EM-DAT,2001-0515,2001
UEI-EM-DAT-FL-2001-0008,/09/2001,/09/2001,Diffing the dates,Flash flood,"['Saran', ' Gopalganj', ' Purba Champaran', ' Madhubani districts (Bihar province)', ' Uttar Pradesh province']",,,,,,,,,,,,,EM-DAT,2001-0527,2001
UEI-EM-DAT-FL-2001-0009,2001-09-07,2001-09-24,17,,"['Saran', ' Gopalganj districts (Bihar province)']",,,,,,,,,,,,,EM-DAT,2001-0794,2001
UEI-EM-DAT-FL-2002-0001,2002-06-21,2002-08-28,68,Riverine flood,"['Barpeta', ' Bongaigaon', ' Cachar', ' Darrang', ' Dhemaji', ' Dhuburi', ' Dibrugarh', ' Goalpara', ' Golaghat', ' Jorhat', ' Kamrup', ' Karimganj', ' Kokrajhar', ' Lakhimpur', ' Marigaon', ' Nagaon', ' Nalbari', ' Sibsagar', ' Sonitpur', ' Tinsukia districts (Assam province)', ' Araria', ' Begusarai', ' Bhagalpur', ' Darbhanga', ' Gopalganj', ' Katihar', ' Khagaria', ' Kishanganj', ' Madhepura', ' Madhubani', ' Muzaffarpur', ' Nalanda', ' Pashchim Champaran', ' Patna', ' Pruba Champaran', ' Purnia', ' Saharsa', ' Samastipur', ' Saran', ' Sheikhpura', ' Sheohar', ' Sitamarhi', ' Siwan', ' Supaul districts (Bihar province)', ' Lahul and Spiti district (Himachal Pradesh province)', ' Balaghat district (Madhya Pradesh province)', ' Tehri Garhwal district (Uttarakhand province)', ' Adilabad', ' Khammam', ' Karimnagar districts (Andhra Pradesh province)', ' Jalpaiguri', ' Kochbihar', ' Darjiling districts (West Bengal province)', ' Meghalaya', ' Tripura', ' Arunachal Pradesh', ' Gujarat', ' Kerala', ' Manipur', ' Maharashrta provinces ']",,,,,,,,,,,,,EM-DAT,2002-0374,2002
UEI-EM-DAT-FL-2002-0002,2002-08-11,2002-08-13,2,Riverine flood,"['Tehri Garhwal district (Uttaranchal province)', ' Bihar', ' Assam', ' Manipur provinces']",,,,,,,,,,,,,EM-DAT,2002-0490,2002
UEI-EM-DAT-FL-2002-0003,2002-08-20,2002-08-20,0,Riverine flood,['Balaghat district (Madhya Pradesh province)'],,,,,,,,,,,,,EM-DAT,2002-0539,2002
UEI-EM-DAT-FL-2002-0004,2002-09-03,2002-09-06,3,Riverine flood,"['Bharuch district (Gujarat province)', ' Jalgaon', ' Nasik districts (Maharashtra province)']",,,,,,,,,,,,,EM-DAT,2002-0568,2002
UEI-EM-DAT-FL-2002-0005,2002-10-10,2002-10-16,6,Riverine flood,"['Kannur', ' Kasaragod', ' Kozhikode', ' Malappuram', ' Thiruvananthapuram districts (Kerala province)']",,,,,,,,,,,,,EM-DAT,2002-0650,2002
UEI-EM-DAT-FL-2002-0006,2002-10-01,2002-10-01,0,,"['Chennai', ' Coimbatore', ' Cuddalore districts (Tamil Nadu province']",,,,,,,,,,,,,EM-DAT,2002-0729,2002
UEI-EM-DAT-FL-2003-0001,2003-06-11,2003-10-10,121,Riverine flood,"['Assam', ' Bihar', ' Tripura', ' West Bengal provinces']",,,,,,,,,,,,,EM-DAT,2003-0283,2003
UEI-EM-DAT-FL-2003-0002,2003-07-15,2003-09-01,48,Riverine flood,"['Khavda', ' Banni', ' Natkharana', ' Lakhpat villages (Kachchh district', ' Gujarat province)']",,,,,,,,,,,,,EM-DAT,2003-0387,2003
UEI-EM-DAT-FL-2003-0003,2003-08-27,2003-10-20,54,Riverine flood,"['Cuttack', ' Jagatsinghpur', ' Kendrapara', ' Jajpur', ' Puri', ' Bolangir', ' Sonepur', ' Kalahandi', ' Rayagada', ' Gajapati', ' Baragarh', ' Koraput', ' Nayagarh', ' Ganjam', ' Angul districts (Orissa province)']",,,,,,,,,,,,,EM-DAT,2003-0683,2003
UEI-EM-DAT-FL-2003-0004,2003-07-16,2003-07-16,0,Flash flood,['Kullu district (Himachal Pradesh province)'],,,,,,,,,,,,,EM-DAT,2003-0719,2003
UEI-EM-DAT-FL-2003-0005,2003-08-07,2003-08-07,0,Flash flood,"['Solang village (Kullu district', ' Himachal Pradesh)']",,,,,,,,,,,,,EM-DAT,2003-0720,2003
UEI-EM-DAT-FL-2003-0006,2003-09-10,2003-09-10,0,Riverine flood,['Uttar Pradesh province'],,,,,,,,,,,,,EM-DAT,2003-0775,2003
UEI-EM-DAT-FL-2004-0001,2004-04-10,2004-04-14,4,Riverine flood,"['Leimapokpam', ' Thiyam', ' Lourembam', ' Nambol Laitonjam villages (Bishnupur district', ' Manipur province)', ' Na-Orem', ' Pukhrambam', ' Sanjenbam villages (West Imphal district', ' Manipur province)', ' Oinam', ' Khangabok villages (Thoubal district', ' Manipur province)']",,,,,,,,,,,,,EM-DAT,2004-0178,2004
UEI-EM-DAT-FL-2004-0002,2004-06-20,/08/2004,Diffing the dates,Riverine flood,"['Darbhanga', ' Madhubani', ' Sitamarhi', ' Banka', ' Bhagalpur', ' Muzaffarpur', ' Sheohar districts (Bihar province)', ' West Tripura', ' South Tripura districts (Tripura province)', ' Kamrup', ' Nalbari', ' Darrang', ' Sonitpur', ' Dhemaji', ' Lakhimpur districts (Assam province)', ' Gujarat', ' Jammu and Kashmir provinces']",,,,,,,,,,,,,EM-DAT,2004-0298,2004
UEI-EM-DAT-FL-2004-0003,2004-06-09,2004-06-11,2,Riverine flood,"['Wayanad', ' Kozhikode', ' Kannur', ' Kasaragod districts (Kerala province)']",,,,,,,,,,,,,EM-DAT,2004-0321,2004
UEI-EM-DAT-FL-2004-0004,2004-09-20,2004-09-22,2,Flash flood,"['Uttar Pradesh', ' Himachal Pradesh provinces']",,,,,,,,,,,,,EM-DAT,2004-0489,2004
UEI-EM-DAT-FL-2004-0005,2004-10-07,2004-10-18,11,Flash flood,"['Goalpara district (Assam province)', ' Meghalaya', ' Arunachal Pradesh', ' West Bengal provinces']",,,,,,,,,,,,,EM-DAT,2004-0509,2004
UEI-EM-DAT-FL-2004-0006,2004-08-01,2004-09-08,38,Riverine flood,"['Uttarakhand', ' Gujarat', ' Maharashtra', ' Punjab', ' Haryana', ' Rajasthan provinces']",,,,,,,,,,,,,EM-DAT,2004-0734,2004
UEI-EM-DAT-FL-2005-0001,2005-05-27,2005-05-27,0,Riverine flood,['Mokokchung district (Nagaland province)'],,,,,,,,,,,,,EM-DAT,2005-0314,2005
UEI-EM-DAT-FL-2005-0002,2005-06-28,2005-07-15,17,Riverine flood,"['Surat', ' Valsad', ' Navsari', ' Bharuch', ' Vadodara', ' Surendranagar', ' The Dangs', ' Ahmedabad', ' Anand', ' Kheda', ' Amreli', ' Bhavnagar', ' Junagadh', ' Rajkot', ' Narmada', ' Jamnagar', ' Gandhinagar', ' Sabarkantha districts (Gujarat province)']",,,,,,,,,,,,,EM-DAT,2005-0335,2005
UEI-EM-DAT-FL-2005-0003,2005-07-09,2005-07-09,0,Riverine flood,"['Digras', ' Nandgavan villages (Yavatmal district', ' Maharashtra province)']",,,,,,,,,,,,,EM-DAT,2005-0354,2005
UEI-EM-DAT-FL-2005-0004,2005-06-26,2005-06-29,3,Riverine flood,"['Sangla', ' Kalpa', ' Yangthang', ' Sumdo', ' Khab', ' Karcham', ' Leo', ' Akpa', ' Kharo villages (Kinnaur district', ' Himachal Pradesh province)', ' Rampur Bushahr village (Shimla district', ' Himachal Pradesh province)', ' Kullu', ' Bilaspur', ' Mandi districts (Himachal Pradesh)']",,,,,,,,,,,,,EM-DAT,2005-0361,2005
UEI-EM-DAT-FL-2005-0005,2005-07-07,2005-07-28,21,Riverine flood,"['Yingkiong village (Upper Siang (70051) district', ' Arunachal Pradesh province)', ' Seppa village (East Kameng (70040) district', ' Arunachal Pradesh province)', ' Anini village (70050 district', ' Arunachal Pradesh province)', ' Dibrugarh', ' Sonitpur', ' Sibsagar', ' Dhemaji', ' Tinsukia', ' Karimganj', ' Lakhimpur', ' Jorhat', ' Morigaon', ' Dhuburi', ' Goalpara', ' Barpeta districts (Assam province)', ' Bahraich', ' Shravasti', ' Banda', ' Ballia', ' Lakhimpur Kheri', ' Kanpur', ' Varanasi', ' Mainpuri districts (Uttar Pradesh province)', ' Haridwar', ' Uttarkashi', ' Naini Tal', ' Dehran Dun districts (Uttarakhand province)', ' Muzaffarpur', ' Darbhanga', ' Madhubani districts (Bihar province)', ' Birbhum district (West Bengal province)']",,,,,,,,,,,,,EM-DAT,2005-0375,2005
UEI-EM-DAT-FL-2005-0006,2005-07-02,2005-07-15,13,Riverine flood,"['Ashoknagar', ' Chhatarpur', ' Damoh', ' Jabalpur', ' Katni', ' Narsinghpur', ' Panna', ' Rewa', ' Sagar', ' Satna districts (Madhya Pradesh province)']",,,,,,,,,,,,,EM-DAT,2005-0398,2005
UEI-EM-DAT-FL-2005-0007,2005-07-10,2005-07-10,0,Riverine flood,"['Adilabad', ' Hyderabad', ' Karimnagar', ' Khammam', ' Mahbubnagar', ' Medak', ' Nalgonda', ' Nizamabad', ' Rangareddi', ' Warangal', ' East Godavari', ' Guntur', ' Krishna', ' Nellore', ' Prakasam', ' Srikakulam', ' Vishakhapatnam', ' Vizianagaram', ' West Godavari districts (Andhra Pradesh province)']",,,,,,,,,,,,,EM-DAT,2005-0399,2005
UEI-EM-DAT-FL-2005-0008,2005-07-24,2005-08-05,12,Riverine flood,"['Gujarat', ' Madhya Pradesh', ' Maharashtra', ' Goa', ' Orissa', ' Karnataka', ' Himachal Pradesh', ' Jammu and Kashmir provinces']",,,,,,,,,,,,,EM-DAT,2005-0409,2005
UEI-EM-DAT-FL-2005-0009,2005-08-26,2005-08-28,2,Flash flood,['Azamgarh district (Uttar Pradesh province)'],,,,,,,,,,,,,EM-DAT,2005-0471,2005
UEI-EM-DAT-FL-2005-0010,2005-07-23,2005-08-16,24,Riverine flood,"['Karnataka', ' Andhra Pradesh provinces']",,,,,,,,,,,,,EM-DAT,2005-0504,2005
UEI-EM-DAT-FL-2005-0011,2005-09-16,2005-09-19,3,Riverine flood,"['Himachal Pradesh', ' Uttar Pradesh', ' Uttarakhand provinces']",,,,,,,,,,,,,EM-DAT,2005-0539,2005
UEI-EM-DAT-FL-2005-0012,2005-09-14,2005-09-20,6,Riverine flood,"['Raj Nandgaon', ' Durg districts (Chhattisgarh province)', ' Baleshwar', ' Bhadrak', ' Jajpur districts (Orissa province)', ' Bhandara', ' Gondiya', ' Nagpur districts (Maharashtra province)', ' Balaghat', ' Katni', ' Jabalpur', ' Seoni districts (Madhya Pradesh province)']",,,,,,,,,,,,,EM-DAT,2005-0541,2005
UEI-EM-DAT-FL-2005-0013,2005-10-21,2005-10-24,3,Riverine flood,"['East Midnapore', ' South 24 Parganas', ' Barddhaman', ' Nadia districts (West Bengal province)', ' Baleshwar district (Orissa province)']",,,,,,,,,,,,,EM-DAT,2005-0599,2005
UEI-EM-DAT-FL-2005-0014,2005-09-22,2005-10-11,19,Riverine flood,"['Surat', ' Vadodara', ' Bhavnagar', ' Panch Mahals', ' Narmada districts (Gujarat province)']",,,,,,,,,,,,,EM-DAT,2005-0603,2005
UEI-EM-DAT-FL-2005-0015,2005-10-23,2005-11-13,21,Riverine flood,"['Salem', ' Namakkal', ' Karur', ' Erode', ' Tiruchchirappalli', ' Vellore', ' Perambalur', ' Nagapattinam', ' Kanniyakumari', ' Dharmapuri', ' Madurai', ' Villupuram', ' Chennai', ' Cuddalore districts (Tamil Nadu province)', ' Karaikal district (Puducherry province)', ' Bangalore Rural', ' Bangalore Urban', ' Mysore districts (Karnataka province)', ' Nellore', ' Chittoor', ' Vishakhapatnam', ' Srikakulam', ' Vizianagaram', ' Cuddapah districts (Andhra Pradesh province)', ' West Bengal', ' Orissa provinces']",,,,,,,,,,,,,EM-DAT,2005-0627,2005
UEI-EM-DAT-FL-2005-0016,2005-12-02,2005-12-03,1,Riverine flood,['Tamil Nadu province'],,,,,,,,,,,,,EM-DAT,2005-0677,2005
UEI-EM-DAT-FL-2005-0017,2005-07-05,2005-08-14,40,Riverine flood,"['Himachal Pradesh', ' Punjab', ' Jammu and Kashmir', ' Haryana provinces']",,,,,,,,,,,,,EM-DAT,2005-0746,2005
UEI-EM-DAT-FL-2006-0001,2006-04-15,2006-04-18,3,Flash flood,"['Adilabad', ' Hyderabad', ' Karimnagar', ' Khammam', ' Mahbubnagar', ' Medak', ' Nalgonda', ' Nizamabad', ' Rangareddi', ' Warangal', ' Srikakulam', ' Krishna districts (Andhra Pradesh province)']",,,17.43,82.81,,,,,,,,,EM-DAT,2006-0207,2006
UEI-EM-DAT-FL-2006-0002,2006-05-31,2006-07-24,54,Riverine flood,"['Assam', ' Tripura provinces']",,,26.6,94.02,,,,,,,,,EM-DAT,2006-0262,2006
UEI-EM-DAT-FL-2006-0003,2006-05-25,2006-06-02,8,Riverine flood,['Kerala province'],,,10.54,76.05,,,,,,,,,EM-DAT,2006-0263,2006
UEI-EM-DAT-FL-2006-0004,2006-05-31,2006-06-04,4,Riverine flood,"['Maharashtra', ' Gujarat provinces']",,,18.73,75.23,,,,,,,,,EM-DAT,2006-0265,2006
UEI-EM-DAT-FL-2006-0005,2006-06-24,2006-06-27,3,Riverine flood,"['Ballia', ' Chandauli districts (Uttar Pradesh province)']",,,25.62,83.67,,,,,,,,,EM-DAT,2006-0342,2006
UEI-EM-DAT-FL-2006-0006,2006-07-04,2006-07-07,3,Riverine flood,"['Navsari', ' The Dangs districts (Gujarat)']",,,22.41,71.31,,,,,,,,,EM-DAT,2006-0369,2006
UEI-EM-DAT-FL-2006-0007,2006-07-03,2006-07-08,5,Riverine flood,"['Gajapati', ' Rayagada districts (Orissa province)']",,,19.17,83.65,,,,,,,,,EM-DAT,2006-0370,2006
UEI-EM-DAT-FL-2006-0008,2006-07-24,2006-08-22,29,Riverine flood,['Jammu and Kashmir provinces'],,,34.61,73.2,,,,,,,,,EM-DAT,2006-0389,2006
UEI-EM-DAT-FL-2006-0009,2006-07-28,2006-09-12,46,Riverine flood,"['Andhra Pradesh', ' Gujarat', ' Maharashtra', ' Chhattisgarh', ' Rajasthan', ' Madhya Pradesh', ' Orissa', ' Karnataka provinces']",,,20.19,73.82,,,,,,,,,EM-DAT,2006-0417,2006
UEI-EM-DAT-FL-2006-0010,/08/2006,/08/2006,Diffing the dates,Riverine flood,['Gujarat province'],,,,,,,,,,,,,EM-DAT,2006-0443,2006
UEI-EM-DAT-FL-2006-0011,2006-08-18,2006-09-02,15,Riverine flood,"['Barmer', ' Jaisalmer', ' Kota', ' Udaipur districts (Rajasthan province)']",,,,,,,,,,,,,EM-DAT,2006-0469,2006
UEI-EM-DAT-FL-2006-0012,2006-08-31,2006-09-11,11,Flash flood,['Jammu and Kashmir provinces'],,,32.89,73.88,,,,,,,,,EM-DAT,2006-0548,2006
UEI-EM-DAT-FL-2006-0013,2006-08-29,2006-09-04,6,Riverine flood,"['Balrampur', ' Bahraich', ' Lakhimpur Kheri', ' Shravasti', ' Gonda', ' Bara Banki districts (Uttar Pradesh province)']",,,27.59,81.52,,,,,,,,,EM-DAT,2006-0549,2006
UEI-EM-DAT-FL-2006-0014,2006-10-26,2006-11-04,9,Riverine flood,"['Tamil Nadu', ' Andhra Pradesh provinces']",,,14.13,79.93,,,,,,,,,EM-DAT,2006-0601,2006
UEI-EM-DAT-FL-2006-0015,2006-08-01,2006-09-10,40,Riverine flood,"['Orissa', ' Andhra Pradesh', ' Chhattisgarh provinces']",,,18.1,81.53,,,,,,,,,EM-DAT,2006-0712,2006
UEI-EM-DAT-FL-2006-0016,2006-03-09,2006-03-10,1,Riverine flood,"['Madhya Pradesh', ' Maharashtra', ' Rajasthan provinces']",,,,,,,,,,,,,EM-DAT,2006-0731,2006
UEI-EM-DAT-FL-2006-0017,2006-10-01,2006-10-01,0,Flash flood,['Madhya Pradesh province'],,,,,,,,,,,,,EM-DAT,2006-0734,2006
UEI-EM-DAT-FL-2007-0001,2007-06-18,2007-06-26,8,Riverine flood,"['Lakhimpur', ' Dhemaji', ' Cachar', ' Karimganj', ' Hailakandi', ' Darrang', ' Dibrugarh districts (Assam province)']",,,26.26,94.02,,,,,,,,,EM-DAT,2007-0225,2007
UEI-EM-DAT-FL-2007-0002,2007-07-01,2007-07-13,12,Riverine flood,"['Junagadh district (Daman and Diu province)', ' Amreli', ' Bhavnagar', ' Jamnagar', ' Junagadh', ' Porbandar', ' Rajkot', ' Surendranagar districts (Gujarat province)', ' Rajasthan', ' Madhya Pradesh']",,,22.02,72.25,,,,,,,,,EM-DAT,2007-0238,2007
UEI-EM-DAT-FL-2007-0003,2007-07-01,2007-07-06,5,Riverine flood,"['Amravati', ' Mumbai City', ' Mumbai Suburban', ' Raigarh', ' Ratnagiri', ' Sindhudurg', ' Thane districts (Maharashtra province)']",,,21.03,77.52,,,,,,,,,EM-DAT,2007-0239,2007
UEI-EM-DAT-FL-2007-0004,2007-06-30,2007-07-13,13,Riverine flood,"['Raipur', ' Bilaspur', ' Mahasamund', ' Durg districts (Chhattisgarh province)']",,,20.05,81.86,,,,,,,,,EM-DAT,2007-0240,2007
UEI-EM-DAT-FL-2007-0005,2007-06-22,2007-07-04,12,Flash flood,"['Kurnool', ' Mahbubnagar', ' Guntur', ' Prakasam', ' East Godavari', ' West Godavari', ' Anantapur', ' Cuddapah districts (Andhra Pradesh province)', ' Thrissur district (Kerala province)', ' Belgaum', ' Bijapur', ' Bagalkot', ' Kodagu', ' Hassan', ' Mysore districts (Karnataka province)', ' Mumbai City', ' Pune districts (Maharashtra province)']",,,14.94,78.16,,,,,,,,,EM-DAT,2007-0250,2007
UEI-EM-DAT-FL-2007-0006,2007-07-21,2007-08-03,13,Riverine flood,"['Udaipur', ' Amarpur cities (South Tripura district', ' Tripura province)', ' Sonamura citiy (West Tripura district', ' Tripura province)']",,,23.92,91.23,,,,,,,,,EM-DAT,2007-0311,2007
UEI-EM-DAT-FL-2007-0007,2007-07-03,2007-09-22,81,Riverine flood,"['Bihar', ' Uttar Pradesh', ' Assam', ' Orissa', ' West Bengal provinces']",,,22.63,88.49,,,,,,,,,EM-DAT,2007-0320,2007
UEI-EM-DAT-FL-2007-0008,2007-08-12,2007-08-17,5,Riverine flood,['Himachal Pradesh province'],,,31.24,76.53,,,,,,,,,EM-DAT,2007-0364,2007
UEI-EM-DAT-FL-2007-0009,2007-08-08,2007-08-15,7,Riverine flood,['Gujarat province'],,,22.68,70.93,,,,,,,,,EM-DAT,2007-0415,2007
UEI-EM-DAT-FL-2007-0010,2007-09-22,2007-10-03,11,Coastal flood,"['Baleshwar', ' Kendrapara', ' Bhadrak', ' Jagatsinghpur', ' Jajpur', ' Mayurbhanj', ' Khordha', ' Cuttack', ' Puri', ' Kandhamal districts (Orissa province)', ' Kolkata', ' South 24 Parganas', ' East Midnapore', ' West Midnapore', ' Hughli districts (West Bengal province)']",,,20.91,86.4,,,,,,,,,EM-DAT,2007-0467,2007
UEI-EM-DAT-FL-2007-0011,2007-09-16,2007-10-07,21,Riverine flood,"['Kurnool', ' Cuddapah', ' Warangal', ' Nalgonda', ' Karimnagar', ' Mahbubnagar', ' Anantapur', ' Nellore', ' Krishna districts (Andhra Pradesh province)', ' Gadag district (Karnataka province)']",,,15.71,79.88,,,,,,,,,EM-DAT,2007-0469,2007
UEI-EM-DAT-FL-2007-0012,2007-10-27,2007-11-01,5,Riverine flood,"['Andhra Pradesh', ' Tamil Nadu province']",,,12.73,79.7,,,,,,,,,EM-DAT,2007-0524,2007
UEI-EM-DAT-FL-2007-0013,2007-08-03,2007-08-27,24,Riverine flood,"['Cuttack', ' Puri', ' Khordha', ' Jajpur', ' Jagatsinghpur districts (Orissa province)']",,,20.45,86.2,,,,,,,,,EM-DAT,2007-0596,2007
UEI-EM-DAT-FL-2007-0014,2007-07-12,2007-10-10,90,Riverine flood,"['Assam', ' Arunachal Pradesh', ' Meghalaya', ' Manipur provinces']",,,27.58,95.26,,,,,,,,,EM-DAT,2007-0602,2007
UEI-EM-DAT-FL-2007-0015,2007-07-16,2007-07-20,4,Riverine flood,['Kerala province'],,,10.39,76.31,,,,,,,,,EM-DAT,2007-0603,2007
UEI-EM-DAT-FL-2007-0016,2007-02-11,2007-02-16,5,,"['Rajasthan', ' Uttar Pradesh', ' Madhya Pradesh', ' Jammu and Kashmir provinces']",,,,,,,,,,,,,EM-DAT,2007-0683,2007
UEI-EM-DAT-FL-2008-0001,2008-03-20,2008-03-28,8,,"['Tamil Nadu', ' Karnataka provinces']",,,10.76,78.72,,,,,,,,,EM-DAT,2008-0130,2008
UEI-EM-DAT-FL-2008-0002,2008-06-11,2008-07-21,40,Flash flood,"['Lakhimpu', ' Dhemaji', ' Sonitpur districts (Assam province)', ' West Bengal', ' Orissa', ' Bihar', ' Gujarat', ' Goa', ' Haryana', ' Kerala', ' Karnataka', ' Maharastra', ' Madhya Pradesh', ' Punjab', ' Rajasthan', ' Uttar Pradesh', ' Tamil Nadu', ' Arunachal Pradesh', ' Uttarakhand', ' Jharkhand provinces']",,,25.18,91.54,,,,,,,,,EM-DAT,2008-0246,2008
UEI-EM-DAT-FL-2008-0003,2008-07-05,2008-07-14,9,Riverine flood,"['Assam', ' Bihar', ' Gujarat', ' Goa', ' Haryana', ' Jharkhand', ' Kerala', ' Karnataka', ' Maharashtra', ' Madhya Pradesh', ' Punjab', ' Orissa', ' Rajasthan', ' Uttarakhand', ' Uttar Pradesh', ' Tamil Nadu', ' West Bengal provinces']",,,,,,,,,,,,,EM-DAT,2008-0285,2008
UEI-EM-DAT-FL-2008-0004,2008-09-05,2008-09-11,6,Riverine flood,"['Khammam', ' West Godavari', ' Krishna', ' Guntur districts (Andhra Pradesh province)']",,,16.65,81.38,,,,,,,,,EM-DAT,2008-0415,2008
UEI-EM-DAT-FL-2008-0005,2008-09-14,2008-09-21,7,Riverine flood,"['Orissa', ' Uttar Pradesh', ' Himachal Pradesh provinces']",,,,,,,,,,,,,EM-DAT,2008-0423,2008
UEI-EM-DAT-FL-2008-0006,2008-08-30,2008-09-08,9,Riverine flood,"['Muzaffarpur', ' Supaul', ' Patna', ' Katihar', ' Nalanda', ' Araria', ' Pashchim Champaran', ' Sheikhpura', ' Saharsa', ' Purnia', ' Saran', ' Begusarai', ' Bhagalpur', ' Madhepura', ' Vaishali', ' Khagaria districts (Bihar province)', ' Assam province']",,,22.044,94.55,,,,,,,,,EM-DAT,2008-0486,2008
UEI-EM-DAT-FL-2008-0007,2008-11-27,2008-12-04,7,Flash flood,"['Thiruvallur', ' Thoothukudi', ' Villupuram', ' Ramanathapuram', ' Tirunelveli Kattabo', ' Pudukkottai', ' Kanniyakumari', ' Nagapattinam', ' Cuddalore', ' Chennai districts (Tamil Nadu province)', ' Puducherry', ' Karaikal districts (Puducherry province)']",,,,,,,,,,,,,EM-DAT,2008-0560,2008
UEI-EM-DAT-FL-2008-0008,2008-07-20,2008-08-08,19,Riverine flood,"['Lakhimpur', ' Jorhat districts (Assam province)', ' Uttar Pradesh', ' Bihar provinces']",,,27.5,89.79,,,,,,,,,EM-DAT,2008-0615,2008
UEI-EM-DAT-FL-2009-0001,2009-07-29,2009-07-29,0,Flash flood,['Delhi province'],,,,,,,,,,,,,EM-DAT,2009-0303,2009
UEI-EM-DAT-FL-2009-0002,/07/2009,/09/2009,Diffing the dates,Riverine flood,"['Bihar', ' Orissa', ' West Bengal', ' Assam', ' Kerala', ' Gujarat', ' Karnataka provinces']",,,,,,,,,,,,,EM-DAT,2009-0409,2009
UEI-EM-DAT-FL-2009-0003,2009-09-25,2009-10-12,17,Riverine flood,"['Belgaum', ' Gulbarga', ' Bijapur', ' Raichur', ' Dharwad', ' Bagalkot', ' Bellary', ' Koppal', ' Haveri', ' Bidar', ' Gadag', ' Davanegere', ' Uttar Kannand', ' Dakshin Kannad districts (Karnataka province)', ' Kurnool', ' Mahbubnagar', ' Karimnagar', ' Anantapur', ' Krishna', ' Cuddapah', ' Guntur', ' Khammam', ' Nalgonda districts (Andhra Pradesh province)', ' Maharashtra province']",,,15.71,78.23,,,,,,,,,EM-DAT,2009-0429,2009
UEI-EM-DAT-FL-2009-0004,2009-10-09,2009-10-09,0,Riverine flood,['Jainta Hills district (Meghalaya province)'],,,,,,,,,,,,,EM-DAT,2009-0443,2009
UEI-EM-DAT-FL-2009-0005,2009-11-03,2009-11-08,5,Riverine flood,"['Ooty', ' Coonoor cities (Nilgiris district', ' Tamil Nadu)']",,,11.47,77.85,,,,,,,,,EM-DAT,2009-0483,2009
UEI-EM-DAT-FL-2009-0006,2009-08-26,2009-08-28,2,Riverine flood,"['Darbhanga', ' Purnia', ' Sitamarhi', ' Saharsa', ' Madhubani districts (Bihar province)']",,,,,,,,,,,,,EM-DAT,2009-0638,2009
UEI-EM-DAT-FL-2010-0001,2010-07-05,2010-07-15,10,Riverine flood,"['Ambala', ' Kurukshetra districts (Haryana province)', ' Punjab', ' Kerala provinces']",,,30.18,74.77,,,,,,,,,EM-DAT,2010-0276,2010
UEI-EM-DAT-FL-2010-0002,2010-05-18,2010-05-24,6,Riverine flood,['Andhra Pradesh province'],,,15.22,79.48,,,,,,,,,EM-DAT,2010-0283,2010
UEI-EM-DAT-FL-2010-0003,2010-07-13,2010-07-13,0,Riverine flood,['Delhi province'],,,,,,,,,,,,,EM-DAT,2010-0321,2010
UEI-EM-DAT-FL-2010-0004,2010-08-06,2010-08-08,2,Flash flood,"['Leh', ' Cholglamsar villages (72785 district', ' Jammu and Kashmir province)']",,,33.53,76.12,,,,,,,,,EM-DAT,2010-0373,2010
UEI-EM-DAT-FL-2010-0005,2010-09-05,2010-09-17,12,Riverine flood,['Lakhimpur district (Assam province)'],,,26.235,92.25,,,,,,,,,EM-DAT,2010-0416,2010
UEI-EM-DAT-FL-2010-0006,2010-09-18,2010-09-30,12,Riverine flood,"['Almora', ' Naini Tal districts (Uttarakhand province)', ' Bihar', ' Uttar Pradesh provinces']",,,26.73,82.84,,,,,,,,,EM-DAT,2010-0492,2010
UEI-EM-DAT-FL-2010-0007,2010-09-09,2010-09-09,0,Riverine flood,"['Punjab', ' Haryana', ' Uttar Pradesh provinces']",,,25.965,76.05,,,,,,,,,EM-DAT,2010-0493,2010
UEI-EM-DAT-FL-2010-0008,2010-11-15,2010-12-07,22,Riverine flood,"['Chennai', ' Cuddalore', ' Nagapattinam', ' Pudukottai', ' Ramanthapuram', ' Thanjavur', ' Thiruvallur', ' Villupuram', ' Thoothukudi', ' Tirunelveli Kattabo districts (Tamil Nadu province)']",,,9.88,78.47,,,,,,,,,EM-DAT,2010-0629,2010
UEI-EM-DAT-FL-2011-0001,2011-08-10,2011-09-13,34,Riverine flood,['West Bengal province'],,,22.306,88.34,,,,,,,,,EM-DAT,2011-0327,2011
UEI-EM-DAT-FL-2011-0002,2011-09-23,2011-10-23,30,Riverine flood,"['Angul', ' Baleshwar', ' Baragarh', ' Bhadrak', ' Boudh', ' Cuttack', ' Deogarh', ' Dhenkanal', ' Jajpur', ' Jagatsinghpur', ' Jharsuguda', ' Kendrapara', ' Khordha', ' Mayurbhanj', ' Nayagarh', ' Nuapada', ' Puri', ' Sambalpur districts (Orissa province)']",,,20.651,86.0,,,,,,,,,EM-DAT,2011-0371,2011
UEI-EM-DAT-FL-2011-0003,2011-08-15,2011-09-08,24,Riverine flood,"['Dhemaji district (Assam province)', ' East Garo Hills', ' South Garo Hills', ' West Garo Hills districts (Meghalaya province)']",,,26.59,92.18,,,,,,,,,EM-DAT,2011-0422,2011
UEI-EM-DAT-FL-2011-0004,2011-08-15,2011-10-02,48,Riverine flood,"['Barpeta', ' Bongaigaon', ' Darrang', ' Dhemaji', ' Dhuburi', ' Golaghat', ' Jorhat', ' Karbi Anglong', ' Sibsagar', ' Lakhimpur', ' Nagaon', ' Sonitpur districts', ' (Assam province)', ' Begusarai', ' Bhagalpur', ' Bhojpur', ' Buxar', ' Gopalganj', ' Katihar', ' Khagaria', ' Kishanganj', ' Lakhisarai', ' Madhubani', ' Madhepura', ' Muzaffarpur', ' Patna', ' Purnia', ' Samastipur', ' Saran', ' Saharsa', ' Sitamarhi', ' Supaul', ' Vaishali', ' Pashchim Champaran districts (Bihar province)', ' Azamgarh', ' Aligarh', ' Ambedkar Nagar', ' Badaun', ' Ballia', ' Bara Banki', ' Bahraich', ' Bareilly', ' Bijnor', ' Faizabad', ' Farrukhabad', ' Ghazipur', ' Gonda', ' Gorakhpur', ' Hardoi', ' Jyotiba Phule Nagar', ' Kannauj', ' Kanpur', ' Kushinagar', ' Lakhimpur Kheri', ' Meerut', ' Muzaffarnagar', ' Moradabad', ' Pilibhit', ' Rampur', ' Shahjahanpur', ' Sitapur', ' Unnao districts (Uttar Pradesh province)']",,,26.376,86.24,,,,,,,,,EM-DAT,2011-0424,2011
UEI-EM-DAT-FL-2011-0005,2011-07-23,2011-08-09,17,Riverine flood,"['Gonda', ' Balrampur', ' Faizabad', ' Bara Banki districts (Uttar Pradesh province)', ' Rajasthan province']",,,28.524,80.93,,,,,,,,,EM-DAT,2011-0428,2011
UEI-EM-DAT-FL-2011-0006,2011-09-05,2011-09-15,10,Riverine flood,['Orissa province'],,,,,,,,,,,,,EM-DAT,2011-0473,2011
UEI-EM-DAT-FL-2011-0007,2011-06-15,2011-07-16,31,Riverine flood,"['Uttar Pradesh', ' Uttarakhand province']",,,,,,,,,,,,,EM-DAT,2011-0647,2011
UEI-EM-DAT-FL-2012-0001,2012-06-26,2012-07-13,17,Riverine flood,"['Anjaw (70044)', ' Lohit', ' Changlang', ' 70045', ' 70050', ' Lower Dibang Valley', ' East Siang', ' Upper Siang (70051) districts (Arunachal Pradesh province)', ' Assam province']",,,26.5659,92.44,,,,,,,,,EM-DAT,2012-0179,2012
UEI-EM-DAT-FL-2012-0002,2012-08-21,2012-08-23,2,Riverine flood,"['Jaipur', ' Dhaulpur', ' Dausa', ' Tonk', ' Jhunjhunun', ' Sikar', ' Hanumangarh', ' Bikaner districts (Rajasthan province)', ' Anjaw (70044)', ' 70045', ' 70050', ' Lower Dibang Valley', ' Upper Siang (70051) districts (Arunachal Pradesh province)']",,,,,,,,,,,,,EM-DAT,2012-0322,2012
UEI-EM-DAT-FL-2012-0003,2012-08-04,2012-08-09,5,Riverine flood,"['Palchan village (Kullu district', ' Himachal Pradesh province)', ' Uttarkashi', ' Rudra Prayag', ' Chamoli districts (Uttarakhand province)', ' Moradabad district (Uttar Pradesh province)', ' Kathua village (72780 district', ' Jammu and Kashmir province)']",,,30.1135,78.85,,,,,,,,,EM-DAT,2012-0334,2012
UEI-EM-DAT-FL-2012-0004,2012-09-16,2012-09-18,2,Riverine flood,"['Rudra Prayag', ' Bageshwar districts (Uttarakhand province)']",,,31.3,76.85,,,,,,,,,EM-DAT,2012-0354,2012
UEI-EM-DAT-FL-2012-0005,2012-09-19,2012-09-23,4,Riverine flood,"[' Barpeta', ' Bongaigaon', ' Darrang', ' Dhemaji', ' Dhuburi', ' Dibrugarh', ' Goalpara', ' Golaghat', ' Jorhat', ' Kamrup', ' Lakhimpur', ' Marigaon', ' Nagaon', ' Nalbari', ' Papum Pare', ' Sibsagar', ' Sonitpur', ' Tinsukia districts (Assam province)', ' Bhagalpur', ' Darbhanga', ' Katihar', ' Khagaria', ' Muzaffarpur', ' Patna', ' Siwan', ' Supaul districts (Bihar province)', ' Sahibganj district (Jharkhand province)', ' North Sikkim district (Sikkim province)', ' Ballia', ' Bara Banki', ' Faizabad districts (Uttar Pradesh province)', ' Murshidabad district (West Bengal province)', ' West Siang', ' East Siang', ' Lohit', ' Papum Pare districts (Arunachal Pradesh province)']",,,26.8,93.63,,,,,,,,,EM-DAT,2012-0382,2012
UEI-EM-DAT-FL-2012-0006,2012-08-21,2012-08-23,2,Riverine flood,['Himachel Pradesh province'],,,,,,,,,,,,,EM-DAT,2012-0584,2012
UEI-EM-DAT-FL-2013-0001,2013-06-12,2013-06-27,15,Riverine flood,"['Uttarakhand', ' Himachal Pradesh', ' Uttar Pradesh', ' Bihar', ' Karnataka', ' Kerala', ' Gujarat', ' West Bengal provinces']",,,32.714,76.61,,,,,,,,,EM-DAT,2013-0192,2013
UEI-EM-DAT-FL-2013-0002,2013-07-09,2013-07-10,1,Riverine flood,"['Sultanpur', ' Sitapur', ' Rae Bareli', ' Bara Banki', ' Faizabad', ' Gorakhpur', ' Basti', ' Kushinagar', ' Bahraich', ' Gonda', ' Shravasti districts (Uttar Pradesh province)']",,,,,,,,,,,,,EM-DAT,2013-0260,2013
UEI-EM-DAT-FL-2013-0003,2013-06-23,2013-07-15,22,,"['Dhemaji', ' Tinsukia', ' Nagaon', ' Golaghat', ' Jorhat', ' Kamrup', ' Karimganj', ' Lakhimpur', ' Morigaon', ' Sibsaga', ' Bongaigaon', ' Kokrajhar districts (Assam province)']",,,27.387,94.92,,,,,,,,,EM-DAT,2013-0282,2013
UEI-EM-DAT-FL-2013-0004,2013-08-22,2013-08-27,5,Riverine flood,"['Bhopal', ' Hoshangabad', ' Seoni', ' Narsinghpur', ' Jabalpur districts (Madhya Pradesh province)', ' Uttar Pradesh', ' Assam provinces']",,,,,,,,,,,,,EM-DAT,2013-0345,2013
UEI-EM-DAT-FL-2013-0005,2013-10-21,2013-10-26,5,Riverine flood,"['Orissa', ' Andhra Pradesh', ' West Bengal provinces']",,,,,,,,,,,,,EM-DAT,2013-0400,2013
UEI-EM-DAT-FL-2014-0001,2014-06-26,2014-06-28,2,Riverine flood,['Assam province'],,,,,,,,,,,,,EM-DAT,2014-0218,2014
UEI-EM-DAT-FL-2014-0002,2014-07-16,2014-07-22,6,Riverine flood,"['Uttarakhand', ' Himachal Pradesh provinces']",,,,,,,,,,,,,EM-DAT,2014-0268,2014
UEI-EM-DAT-FL-2014-0003,2014-08-03,2014-08-04,1,Riverine flood,['Orissa province'],,,,,,,,,,,,,EM-DAT,2014-0313,2014
UEI-EM-DAT-FL-2014-0004,/09/2014,/09/2014,Diffing the dates,Riverine flood,['Jammu and Kashmir provinces'],,,,,,,,,,,,,EM-DAT,2014-0343,2014
UEI-EM-DAT-FL-2014-0005,2014-09-24,2014-10-11,17,Riverine flood,"['Tura village (West Garo Hills district', ' Meghalaya province)', ' Goalpara', ' Kamrup districts (Assam province)']",,,,,,,,,,,,,EM-DAT,2014-0391,2014
UEI-EM-DAT-FL-2014-0006,2014-08-16,2014-09-01,16,Riverine flood,"['Shravasti', ' Balrampur', ' Sitapur', ' Lakhimpur Kheri', ' Gonda', ' Bara Banki', ' Faizabad', ' Azamgarh districts (Uttar Pradesh province)', ' Uttarakhand', ' Bihar', ' Assam provinces']",,,,,,,,,,,,,EM-DAT,2014-0408,2014
UEI-EM-DAT-FL-2014-0007,2014-08-09,2014-08-16,7,Riverine flood,['Odisha province'],,,,,,,,,,,,,EM-DAT,2014-0409,2014
UEI-EM-DAT-FL-2015-0001,2015-03-20,2015-03-31,11,Flash flood,"['Chadoora village (72811 district', ' Jammu and Kashmir province)']",,,33.1767,76.41,,,,,,,,,EM-DAT,2015-0107,2015
UEI-EM-DAT-FL-2015-0002,2015-05-17,2015-05-21,4,Flash flood,"['Bhadrairuppu village (Virudhunagar district', ' Tamil Nadu province)']",,,10.7121,79.18,,,,,,,,,EM-DAT,2015-0207,2015
UEI-EM-DAT-FL-2015-0003,2015-06-19,2015-06-20,1,Riverine flood,"['Amreli', ' Rajkot', ' Surat districts (Gujarat province)', ' Maharashtra province']",,,21.8734,70.76,,,,,,,,,EM-DAT,2015-0249,2015
UEI-EM-DAT-FL-2015-0004,2015-06-23,2015-06-30,7,Riverine flood,"['Mirik', ' Kalimpong', ' Darjeeling villages (Darjiling district', ' West Bengal province)', ' ']",,,,,,,,,,,,,EM-DAT,2015-0253,2015
UEI-EM-DAT-FL-2015-0005,2015-07-15,2015-08-19,35,Riverine flood,"['Kachchh', ' Patan', ' Banas Kantha districts (Gujarat province)', ' Malda', ' Jalpaiguri districts (West Bengal province)', ' Jorhat', ' Dhemaji', ' Lakhimpur', ' Dhuburi', ' Darrang', ' Goalpara', ' Karbi Anglong', ' Marigaon districts (Assam province)', ' Manipur', ' Orissa', ' Rajasthan', ' Madhya Pradesh provinces']",,,26.2074,82.62,,,,,,,,,EM-DAT,2015-0317,2015
UEI-EM-DAT-FL-2015-0006,2015-07-07,2015-07-13,6,Riverine flood,"['Rajasthan', ' Uttar Pradesh', ' Jammu and Kashmir', ' Arunachal Pradesh', ' Uttarakhand', ' Punjab', ' Haryana', ' Himachal Pradesh provinces']",,,,,,,,,,,,,EM-DAT,2015-0333,2015
UEI-EM-DAT-FL-2015-0007,2015-08-13,2015-08-19,6,,['Assam province'],,,26.8946,93.75,,,,,,,,,EM-DAT,2015-0374,2015
UEI-EM-DAT-FL-2015-0008,2015-08-28,2015-08-30,2,,"['Dhemaji', ' Kokrajhar', ' Bongaigaon', ' Sonitpur', ' Barpeta', ' Goalpara', ' Marigaon', ' Cachar', ' Lakhimpur', ' Jorhat', ' Tinsukia', ' Darrang', ' Nalbari', ' Kamrup', ' Dibrugarh', ' Sibsagar districts (Assam province)\r\n']",,,,,,,,,,,,,EM-DAT,2015-0406,2015
UEI-EM-DAT-FL-2015-0009,2015-07-14,2015-07-16,2,,"['Sonitpur', ' Lakhimpur', ' Kokrajhar', ' Dhemaji districts (Assam province)', ' Arunachal Pradesh province \r\n']",,,,,,,,,,,,,EM-DAT,2015-0413,2015
UEI-EM-DAT-FL-2015-0010,2015-11-08,2015-12-04,26,,"['Chittoor', ' Cuddapah', ' Prakasam', ' Nellore districts (Andhra Pradesh province)', ' Chennai', ' Cuddalore', ' Nagapattinam', ' Kancheepuram', ' Thiruvallur', ' Villupuram districts (Tamil Nadu province)', ' Puducherry province']",,,118.278,788.55,,,,,,,,,EM-DAT,2015-0504,2015
UEI-EM-DAT-FL-2016-0001,2016-04-22,2016-04-25,3,,"['Arunachal Pradesh', ' Assam', ' Nagaland provinces']",,,27.464,95.607,,,,,,,,,EM-DAT,2016-0139,2016
UEI-EM-DAT-FL-2016-0002,2016-06-25,2016-07-01,6,Flash flood,"['Chamoli', ' Pithoragahr districts (Uttarakhand province)', ' Assam', ' Arunachal Pradesh provinces']",,,27.068,93.95,,,,,,,,,EM-DAT,2016-0239,2016
UEI-EM-DAT-FL-2016-0003,2016-07-28,2016-07-30,2,Flash flood,"['Lakhimpur', ' Golaghat', ' Jorhat', ' Barpeta', ' Bongaigaon', ' Goalpara', ' Dhubri', ' Marigaon', ' Darrang', ' Nalbari districts (Assam province)']",,,,,,,,,,,,,EM-DAT,2016-0267,2016
UEI-EM-DAT-FL-2016-0004,2016-07-15,2016-09-12,59,,"['Biha', ' Uttar Pradeshr province (Varanasi', ' Allahabad', ' Ghazipur', ' Ballia', '  Banda', ' Jalaun', ' Ghaziabad', ' Patna', ' Bhagalpur', ' Vaishali', ' Buxar', ' Bhojpur', ' Sonepur', ' Saran', ' Begusarai', ' Samastipur', ' Lakhisarai', ' Khagaria', ' Munger', ' Nalanda', ' Katihar', ' Purnea', ' Katihar', ' Supual', ' Kisanganj', ' Madhepura', ' Gopalganj', ' Saharsa', ' Araria', ' East Champaran', ' Muzafferpur', ' Kishanganj', ' Purnea', ' Araria', ' Supaul', ' Bhagalpur', ' Darbhanga)']",,,,,,,,,,,,,EM-DAT,2016-0271,2016
UEI-EM-DAT-FL-2016-0005,2016-07-09,2016-08-22,44,,"['Bhopal', ' Hoshangabad', ' Rewa', ' Sagar', ' Shajapur', ' Jabalpur', ' Satna', ' Harda', ' Panna', ' Vidisha', ' Raisen', ' Mandla', ' Tikamgarh', ' Seoni', ' Damoh', ' Sehore', ' Agar-Malwa  districts (Madhya Pradesh province)']",,,,,,,,,,,,,EM-DAT,2016-0276,2016
UEI-EM-DAT-FL-2016-0006,2016-08-01,2016-08-03,2,,"['Maharashtra (Nashik', ' Raigad (Mahad)', ' Thane (Bhiwandi)', ' Ratnagiri', ' Pune', ' Satara', ' Kolhapur)', ' Gujarat (Valsad', ' Chhota Udepur (Vadodara)', ' Navsari and Surat)']",,,,,,,,,,,,,EM-DAT,2016-0304,2016
UEI-EM-DAT-FL-2016-0007,2016-09-21,2016-09-29,8,,"['Andhra Pradesh province', ' Telangana']",,,17.654,80.34,,,,,,,,,EM-DAT,2016-0391,2016
UEI-EM-DAT-FL-2016-0008,2016-07-17,2016-07-19,2,,"['Jorhat', ' Golaghat (Assam State)']",,,,,,,,,,,,,EM-DAT,2016-0554,2016
UEI-EM-DAT-FL-2017-0001,2017-06-04,2017-06-06,2,,"['Lakhimpur', ' Karimganj', ' Darrang districts (Assam)', ' Nagaland', ' Manipur', ' Jharkhand']",,,,,,,,,,,,,EM-DAT,2017-0180,2017
UEI-EM-DAT-FL-2017-0002,2017-06-01,31/06/2017,Diffing the dates,,['Gujarat'],,,,,,,,,,,,,EM-DAT,2017-0257,2017
UEI-EM-DAT-FL-2017-0003,2017-06-25,2017-07-24,29,Riverine flood,"['Lakhimpur', ' Bangaigaon', ' Jorhat', ' Golaghat', ' Cachar', ' Dhemjai', ' Biswanath', ' Karimganj', ' Barpeta', ' Karbi Anglong', ' Sonitpur', ' Darrang', ' Hojai (Sub Division)', ' Bhuragaon (Sub Division)', ' Majuli', ' Nagaon', ' Nalbari', ' Sivasagar', ' Morigaon', ' Chirang', ' Dibrugarh', ' Dhubri', ' Kokrajhar', ' South Salmara', ' Charaideo', ' Goalpara districts (Assam)']",,,,,,,,,,,,,EM-DAT,2017-0289,2017
UEI-EM-DAT-FL-2017-0004,/07/2017,/07/2017,Diffing the dates,,"['Imphal West', ' Imphal East', ' Thoubal', ' Bishnupur (Manipur)']",,,,,,,,,,,,,EM-DAT,2017-0290,2017
UEI-EM-DAT-FL-2017-0005,/06/2017,/08/2017,Diffing the dates,,"['Banaskantha', ' Valsad', ' Navsari', ' Surat', ' Sabarkantha', ' Patan (Gujarat)', ' Barmer', ' Jalore', ' Udaipur', ' Sirohi', ' Pali (Rajasthan)', ' Kolkata (West Bengal)']",,,,,,,,,,,,,EM-DAT,2017-0294,2017
UEI-EM-DAT-FL-2017-0006,2017-08-11,2017-08-31,20,,"['Araria', ' Jogbani (Bihar); Uttar Pradesh', ' West Bengal']",,,,,,,,,,,,,EM-DAT,2017-0342,2017
UEI-EM-DAT-FL-2017-0007,2017-08-29,2017-08-29,0,Flash flood,"['Mumbai (Dadar', ' Khar', ' Bandra', ' Lalbaug', ' Kalina', ' Sion', ' Byculla', ' Matunga', ' Wadala', ' Parel', ' Khar-Danda', ' Pali Hill', ' Carter Road', ' Bandra', ' Ghatkopar', ' Bhandup', ' Mulund', ' and Santacruz)', ' Thane (Maharashtra)']",,,,,,,,,,,,,EM-DAT,2017-0364,2017
UEI-EM-DAT-FL-2017-0008,2017-10-30,2017-11-08,9,Flash flood,['Chenai (Tamil Nadu)'],,,10.489,79.004,,,,,,,,,EM-DAT,2017-0495,2017
UEI-EM-DAT-FL-2017-0009,2017-08-16,2017-08-23,7,,"['Uttar Pradesh (Siddharthnagar', ' Balarampur', ' Bahraich', ' Shravasti', ' Maharajganj', ' Barabanki', ' Lakhimpur Kheri', ' Gorakhpur', ' Muzaffarnagar', ' Gonda', ' Basti', ' Mirzapur', ' Khiri', ' Deoria', ' Sitapur', ' Bijnore', ' Faizabad', ' Pilibhit', ' Farrukhabad', ' Mau', ' Kushinagar', ' Badaun', ' Ambedkar nagar', ' Azamgarh', ' Santkabir Nagar', ' Ghazipur', ' Balia)']",,,,,,,,,,,,,EM-DAT,2017-0517,2017
UEI-EM-DAT-FL-2018-0001,2018-06-22,2018-07-03,11,,"['Assam', ' Maharashtra', ' Gujarat']",,,,,,,,,,,,,EM-DAT,2018-0205,2018
UEI-EM-DAT-FL-2018-0002,2018-05-17,2018-05-20,3,Flash flood,['Tripura state'],,,,,,,,,,,,,EM-DAT,2018-0213,2018
UEI-EM-DAT-FL-2018-0003,2018-05-29,2018-05-31,2,,[' Dakshina Kannada and Udupi districts'],,,,,,,,,,,,,EM-DAT,2018-0216,2018
UEI-EM-DAT-FL-2018-0004,2018-07-26,2018-07-28,2,,"['Uttar Pradesh', ' Rajasthan']",,,,,,,,,,,,,EM-DAT,2018-0267,2018
UEI-EM-DAT-FL-2018-0005,2018-07-20,2018-07-23,3,,['Odisha state'],,,,,,,,,,,,,EM-DAT,2018-0286,2018
UEI-EM-DAT-FL-2018-0006,2018-08-07,2018-08-20,13,Flash flood,"['Thrissur', ' Chengannur (Kerala state); West Bengal', ' Odisha', ' Assam', ' Nagaland', ' Uttar Pradesh', ' Himachal Pradesh', ' Maharashtra states']",,,,,,,,,,,,,EM-DAT,2018-0295,2018
UEI-EM-DAT-FL-2018-0007,2018-08-02,2018-08-06,4,,"['Biswanath', ' Udalguri', ' Golaghat', ' Sivassagar/Charaideo', ' Barpeta', ' Lakhimpu', ' Dhemaji', ' Darrang (Assam', ' West Bengal)']",,,,,,,,,,,,,EM-DAT,2018-0345,2018
UEI-EM-DAT-FL-2018-0008,2018-09-01,2018-10-06,35,,['Uttar Pradesh'],,,,,,,,,,,,,EM-DAT,2018-0370,2018
UEI-EM-DAT-FL-2018-0009,2018-09-23,2018-09-24,1,,"['Punjab', ' Haryana states']",,,,,,,,,,,,,EM-DAT,2018-0372,2018
UEI-EM-DAT-FL-2019-0001,2019-06-28,2019-07-04,6,,"['Mumbai', ' Pune', ' Ratnagiri Districts (Maharashtra State)']",,,,,,,,,,,,,EM-DAT,2019-0288,2019
UEI-EM-DAT-FL-2019-0002,2019-07-14,2019-09-30,78,,"['Sitamarhi', ' Sheohar', ' East Champaran', ' Muzaffarpur', ' Madhubani', ' Darbhanga', ' Supaul', ' Araria', ' Sahersa ', ' Katihar', ' Purnia', ' Kishanganj districts (Bihar); Dhemaji', ' Lakhimpur', ' Biswanath', ' Barpeta', ' Chirang', ' Golaghat Jorhat', ' Sonitpur', ' Darrang', ' Nalbari', ' Bongaigaon', ' Morigaon', ' Nagaon', ' Majuli', ' Baksa', ' Kokrajhar', ' Dhubri', ' South Salmara', ' Goalpara', ' Kamrup', ' Hojai', ' Sivsagar', ' Tinsukia', ' Cachar', ' KarbiAnglrng', ' West Karbi-Anglong', ' Hailakandi', '  Dibrugarh districts (Assam); Maharashtra', ' Kerala', ' Rajasthan', ' West Bengal', ' Karnataka', ' Uttarakand', ' Himachal Pradesh', ' Punjab', ' Uttar Pradesh', ' Odisha']",,,,,,,,,,,,,EM-DAT,2019-0331,2019
UEI-EM-DAT-FL-2019-0003,2019-08-12,2019-08-15,3,,"['West Bengal', ' Kerala', ' Odisha', ' Maharashtra']",,,,,,,,,,,,,EM-DAT,2019-0383,2019
UEI-EM-DAT-FL-2019-0004,2019-10-19,2019-10-23,4,,"['Belagavi', ' Gadag', ' Koppal districts (Karnataka); Kerala', ' Tamil Nadu states']",,,,,,,,,,,,,EM-DAT,2019-0499,2019
UEI-EM-DAT-FL-2019-0005,2019-11-29,2019-12-04,5,,"['Coimbatore', ' Cuddalore', ' Nagapattinam', ' Thoothukkudi Districts (Tamil Nadu); Pudducherry']",,,,,,,,,,,,,EM-DAT,2019-0574,2019
